{
    "DashboardFunction": {},
    "UserCreateFunction": {
        "KEY_ID": "8eb8e209-51fb-41fa-adfe-1ec401667df4",
        "TABLE_NAME": "gofaas-UsersTable-1CYAQH3HHHRGW"
    },
    "UserDeleteFunction": {
        "KEY_ID": "8eb8e209-51fb-41fa-adfe-1ec401667df4",
        "TABLE_NAME": "gofaas-UsersTable-1CYAQH3HHHRGW"
    },
    "UserReadFunction": {
        "KEY_ID": "8eb8e209-51fb-41fa-adfe-1ec401667df4",
        "TABLE_NAME": "gofaas-UsersTable-1CYAQH3HHHRGW"
    },
    "UserUpdateFunction": {
        "KEY_ID": "8eb8e209-51fb-41fa-adfe-1ec401667df4",
        "TABLE_NAME": "gofaas-UsersTable-1CYAQH3HHHRGW"
    },
    "WorkerFunction": {
        "BUCKET": "gofaas-bucket-aykdokk6aek8"
    },
    "WorkerPeriodicFunction": {
        "BUCKET": "gofaas-bucket-aykdokk6aek8"
    }
}